 ,State,FacilityName,Address,City,ZipCode,Clinic Status,Total Number of Cycles,ClinicId,Geolocation
2020,IL,Institute for Human Reproduction (IHR),"409 W. Huron St, Suite 500",Chicago,60654,Open,854,1,POINT (-87.6390277 41.894496)
2020,PA,Shady Grove Fertility-Pennsylvania,945 Chesterbrook Blvd,Wayne,19087,Open,"2,245",2,POINT (-75.4618736 40.0681343)
2020,TX,"Houston Infertility Clinic, Sonja Kristiansen, MD","9055 Katy Freeway, Suite 450",Houston,77024,Open,223,3,POINT (-95.5122645 29.7835813)
2020,FL,"Advanced Reproductive Specialists, Jacksonville Center for Reproductive Medicine","7051 Southpoint Pkwy, Suite 200",Jacksonville,32216,Open,310,4,POINT (-81.5907066 30.2576625)
2020,PA,Penn State Milton S. Hershey Medical Center,"35 Hope Dr, Suite 202",Hershey,17033,Open,130,6,POINT (-76.6611392 40.2701599)
2020,CA,Life IVF Center,"3500 Barranca Pkwy, Suite 300",Irvine,92606,Open,"2,332",7,POINT (-117.814886 33.6862718)
2020,PA,Society Hill Reproductive Medicine,"822 Pine St, Suite 4B",Philadelphia,19107,Open,156,8,POINT (-75.1560763 39.9442703)
2020,OK,OU Physicians Reproductive Medicine,"840 Research Pkwy, Suite 200",Oklahoma City,73104,Open,410,9,POINT (-97.5009249 35.4774816)
2020,SC,"Piedmont Reproductive Endocrinology Group, PA","17 Caledon Ct, Suite C",Greenville,29615,Open,"1,238",10,POINT (-82.3395642 34.8630637)
2020,CA,Santa Barbara Fertility Center,"536 E. Arrellaga St, Suite 201",Santa Barbara,93103,Open,177,12,POINT (-119.7025478 34.433101)
2020,CA,Fertility Specialists Medical Group,"8010 Frost St, Suite P",San Diego,92123,Open,443,13,POINT (-117.1519348 32.8015222)
2020,IL,Reproductive Medicine Institute,"2425 W. 22nd St, Suite 102",Oak Brook,60523,Open,"1,244",14,POINT (-87.9782712 41.8453569)
2020,MD,"The A.R.T. Institute of Washington, Inc., Walter Reed National Military Medical Center","8901 Rockville Pike, Bldg 10, Rm 2104",Bethesda,20889,Open,605,15,POINT (-77.0935096 39.0017771)
2020,UT,Utah Center for Reproductive Medicine,"675 Arapeen Dr, Suite 205",Salt Lake City,84108,Open,741,16,POINT (-111.82601 40.7551871)
2020,IL,IVF1,3 N. Washington St,Naperville,60540,Open,914,17,POINT (-88.1480279 41.7753663)
2020,CA,Reproductive Science Center of the San Francisco Bay Area,"100 Park Pl, Suite 200",San Ramon,94583,Open,"2,713",18,POINT (-121.9895739 37.7725456)
2020,CA,Laurel Fertility Care,"1700 California St, Suite 570",San Francisco,94109,Open,535,19,POINT (-122.4230564 37.790523)
2020,DE,"Delaware Institute for Reproductive Medicine, PA","Medical Arts Pavilion 1, 4745 Ogletown-Stanton Rd, Suite 111",Newark,19713,Open,372,20,POINT (-75.6731775 39.6859859)
2020,FL,Viera Fertility Center,3160 Alzante Cir,Melbourne,32940,Open,164,21,POINT (-80.6735252 28.209143)
2020,HI,IVF Hawaii,"1329 Lusitana St, Suite 607",Honolulu,96813,Open,121,23,POINT (-157.8520829 21.307606)
2020,TX,ReproMed Fertility Center,3800 San Jacinto St,Dallas,75204,Open,253,24,POINT (-96.7850174 32.7972286)
2020,NY,Manhattan Reproductive Medicine,"159 E. 74th St, Suite C",New York,10021,Open,25,25,POINT (-73.9605328 40.7717116)
2020,IL,University of Illinois at Chicago IVF Program,"1801 W. Taylor St, Suite 4A",Chicago,60612,Open,103,26,POINT (-87.6717653 41.8694703)
2020,CA,University Fertility Center,"23550 Hawthorne Blvd, Suite 210",Torrance,90505,Open,324,27,POINT (-118.3499451 33.8119369)
2020,CA,"The Fertility Institutes-Los Angeles, New York, Guadalajara","16030 Ventura Blvd, Suite 404",Encino,91436,Open,98,28,POINT (-118.4824828 34.1557673)
2020,NY,New Hope Fertility Center,"4 Columbus Cir, 4th Floor",New York,10019,Open,"4,425",31,POINT (-73.9828792 40.7673752)
2020,AZ,Arizona Associates for Reproductive Health,8426 E. Shea Blvd,Scottsdale,85255,Open,312,32,POINT (-111.8944002 33.6453986)
2020,TX,"Houston IVF dba, CCRM Houston","929 Gessner Rd, Suite 2300",Houston,77024,Open,"1,481",33,POINT (-95.5454521 29.7820189)
2020,ID,Idaho Center for Reproductive Medicine,"1000 E. Park Blvd, Suite 110",Boise,83712,Open,753,35,POINT (-116.1875685 43.6032213)
2020,CO,Denver Fertility-Albrecht Women's Care,"9780 Pyramid Ct, Suite 260",Englewood,80112,Open,294,36,POINT (-104.86531 39.5386666)
2020,IA,"Mid-Iowa Fertility, PC",1371 N.W. 121st St,Clive,50325,Open,862,37,POINT (-93.7840312 41.6024095)
2020,CA,California IVF Fertility Center,"2590 Venture Oaks Way, Suite 103",Sacramento,95833,Open,648,40,POINT (-121.5160159 38.6123316)
2020,SC,"Fertility Center of the Carolinas, University Medical Group, Department of Obstetrics and Gynecology","890 W. Faris Rd, Suite 470",Greenville,29605,Open,400,41,POINT (-82.4105188 34.8175183)
2020,TX,Aspire Fertility-Austin,"911 W. 38th St, Suite 402",Austin,78705,Reorganized,566,42,POINT (-97.7432311 30.3045832)
2020,NJ,South Jersey Fertility Center,"400 Lippincott Dr, Suite 130",Marlton,8053,Open,824,43,POINT (-74.9246956 39.8846808)
2020,FL,IVFMD/South Florida Institute for Reproductive Medicine,"7300 S.W. 62nd Pl, 4th Floor",South Miami,33143,Reorganized,"1,926",45,POINT (-80.2951534 25.7028066)
2020,NY,NYU Langone Fertility Center,"660 First Ave, 5th Floor",New York,10016,Open,"3,503",46,POINT (-73.9714649 40.7459714)
2020,NY,Westchester Fertility & Reproductive Endocrinology,136 S. Broadway,White Plains,10605,Open,190,47,POINT (-73.761185 41.0262092)
2020,TX,Texas IVF,"6130 W. Parker Rd, Suite 215",Plano,75093,Open,193,48,POINT (-96.837076 33.043996)
2020,CO,Colorado Center for Reproductive Medicine,10290 RidgeGate Cir,Lone Tree,80124,Open,"3,400",49,POINT (-104.8752894 39.5292964)
2020,VA,Virginia Fertility & IVF,"4100 Olympia Cir, Suite 201",Charlottesville,22911,Open,659,52,POINT (-78.4399455 38.0228086)
2020,MI,Wayne Health,"26400 W. 12 Mile Rd, Suite 140",Southfield,48034,Open,14,53,POINT (-83.3069473 42.501848)
2020,NJ,"Institute for Reproductive Medicine and Science, Saint Barnabas Medical Center","94 Old Short Hills Rd, East Wing, Suite 403",Livingston,7039,Open,"2,010",54,POINT (-74.3047629 40.7631494)
2020,FL,"New Leaders in Fertility & Endocrinology, LLC","4400 Bayou Blvd, Suite 36",Pensacola,32503,Open,296,55,POINT (-87.2040469 30.4674275)
2020,MI,"Michigan Reproductive & IVF Center, PC","3230 Eagle Park Dr N.E., Suite 100",Grand Rapids,49525,Open,"1,046",56,POINT (-85.5892189 42.9879177)
2020,IL,Center for Reproductive Care,"1725 W. Harrison St, Suite 408E",Chicago,60612,Open,283,57,POINT (-87.6700558 41.8729042)
2020,MD,Johns Hopkins Fertility Center,"10753 Falls Rd, Suite 335",Lutherville,21093,Open,782,58,POINT (-76.666556 39.420712)
2020,MI,Gago IVF,"2250 Genoa Business Park Dr, Suite 110",Brighton,48114,Open,326,59,POINT (-83.8062916 42.5696063)
2020,TX,Aspire Fertility-San Antonio,"150 E. Sonterra Blvd, Suite 220",San Antonio,78258,Open,"1,075",62,POINT (-98.4922124 29.6152678)
2020,IL,Fertility Centers of Illinois-Highland Park IVF Center,"767 Park Ave West, Suite B400",Highland Park,60035,Open,"1,528",63,POINT (-87.8080661 42.1897383)
2020,NY,NYU Langone Reproductive Specialists of New York,"200 Old Country Rd, Suite 350",Mineola,11501,Open,979,64,POINT (-73.6389425 40.7394896)
2020,CA,Marin Fertility Center,"1100 S. Eliseo Dr, Suite 107",Greenbrae,94904,Open,253,65,POINT (-122.5343567 37.9439167)
2020,TN,The Center for Reproductive Health,"2410 Patterson St, Suite 401",Nashville,37203,Open,137,66,POINT (-86.8108702 36.1523292)
2020,MN,"Center for Reproductive Medicine, Advanced Reproductive Technologies","2828 Chicago Ave South, Suite 400",Minneapolis,55407,Open,"1,396",70,POINT (-93.2630386 44.9509544)
2020,IN,Community Fertility Specialty Care,"7250 Clearvista Dr, Suite 190",Indianapolis,46256,Open,159,72,POINT (-86.0399155 39.9003186)
2020,NY,"Island Reproductive Services, PC",237 Richmond Valley Rd,Staten Island,10309,Open,592,73,POINT (-74.2364501 40.5215759)
2020,NY,Columbia University Fertility Center,"5 Columbus Cir, PH Floor",New York,10019,Open,"2,437",75,POINT (-73.9814629 40.7667749)
2020,NY,"Gold Coast IVF, Reproductive Medicine and Surgery Center",246 Crossways Park Dr West,Woodbury,11797,Open,302,78,POINT (-73.4876858 40.8042867)
2020,UT,Reproductive Care Center,10150 Petunia Way,Sandy,84092,Open,726,79,POINT (-111.8506637 40.5667906)
2020,NY,Genesis Fertility & Reproductive Medicine,6010 Bay Pkwy,Brooklyn,11204,Open,911,81,POINT (-73.9790084 40.6165502)
2020,MN,Reproductive Medicine & Infertility Associates,"Woodbury Medical Arts Building, 2101 Woodwinds Dr, Suite 100",Woodbury,55125,Open,"1,147",82,POINT (-92.9798342 44.9175818)
2020,TX,Cooper Institute for Advanced Reproductive Medicine,"7500 Beechnut St, Suite 308",Houston,77074,Open,90,83,POINT (-95.5188189 29.6924203)
2020,CA,West Coast Fertility Center,"11160 Warner Ave, Suite 411",Fountain Valley,92708,Open,171,84,POINT (-117.9343068 33.715514)
2020,MO,Midwest Women's Healthcare Specialists,"2340 E. Meyer Blvd, Bldg 2, Suite 598",Kansas City,64132,Open,112,86,POINT (-94.5573653 39.0100512)
2020,FL,"Specialists in Reproductive Medicine & Surgery, PA, Embryo Donation International, PL","12611 World Plaza Ln, Bldg 53",Fort Myers,33907,Open,134,87,POINT (-81.8777924 26.559679)
2020,SC,Coastal Fertility Specialists,1375 Hospital Dr,Mount Pleasant,29464,Open,"1,312",89,POINT (-79.8534693 32.8164581)
2020,CO,Conceptions Reproductive Associates of Colorado,271 W. County Line Rd,Littleton,80129,Open,"1,715",91,POINT (-104.9929664 39.5673397)
2020,NY,Northwell Health Fertility,300 Community Dr,Manhasset,11030,Open,"1,294",92,POINT (-73.7009628 40.775253)
2020,GA,Atlanta Center for Reproductive Medicine,"5909 Peachtree Dunwoody Rd, Suite 600",Atlanta,30328,Open,"1,871",94,POINT (-84.3495191 33.9170947)
2020,CA,Alta Bates In Vitro Fertilization Program,"2999 Regent St, Suite 700",Berkeley,94705,Open,76,95,POINT (-122.2563715 37.8559436)
2020,WA,"Overlake Reproductive Health, Inc., PS","11232 N.E. 15th St, Suite 201",Bellevue,98004,Open,420,96,POINT (-122.1893912 47.6244604)
2020,TX,The Centre for Reproductive Medicine,"3405 22nd St, Suite 300",Lubbock,79410,Open,91,98,POINT (-101.8884377 33.5746752)
2020,CA,Pacific Fertility Center-Los Angeles,"10921 Wilshire Blvd, Suite 700",Los Angeles,90024,Open,719,99,POINT (-118.4448408 34.0590518)
2020,IL,"Chicago Infertility Associates, LTD","Brock Building, 800 Biesterfield Rd, Suite 3005",Elk Grove Village,60007,Open,30,100,POINT (-88.0164398 42.0046582)
2020,CA,Palo Alto Medical Foundation,"2581 Samaritan Dr, Suite 302",San Jose,95124,Open,994,101,POINT (-121.9492305 37.2530806)
2020,KY,The Lexington Fertility Center,"170 N. Eagle Creek Dr, Suite 101",Lexington,40509,Open,59,102,POINT (-84.439022 38.0008345)
2020,ME,"Boston IVF, LLC The Maine Center","778 Main St, Suite 2",South Portland,4106,Open,559,103,POINT (-70.3086961 43.6165517)
2020,TX,Houston Fertility Institute,"2500 Fondren Rd, Suite 300",Houston,77063,Reorganized,"4,319",104,POINT (-95.5221211 29.7403727)
2020,VA,Shady Grove Fertility-Richmond,"9030 Stony Point Pkwy, Suite 450",Richmond,23235,Open,828,105,POINT (-77.5687894 37.5533802)
2020,NJ,Valley Hospital Fertility Center,"140 E. Ridgewood Ave, 5th Floor, Suite 590S",Paramus,7652,Open,311,106,POINT (-74.0688413 40.9646001)
2020,CA,Southern California Reproductive Center,"450 N. Roxbury Dr, Suite 500",Beverly Hills,90210,Open,"1,914",107,POINT (-118.4066966 34.0683043)
2020,MD,Shady Grove Fertility-Towson,"901 Dulaney Valley Rd, Suite 616",Towson,21204,Open,"2,580",108,POINT (-76.6002778 39.4068181)
2020,FL,"Center for Reproductive Medicine, PA","1500 S. Orlando Ave, Suite 200",Winter Park,32789,Open,"1,321",109,POINT (-81.3646016 28.5836259)
2020,CO,Rocky Mountain Center for Reproductive Medicine,1080 E. Elizabeth St,Fort Collins,80524,Open,122,110,POINT (-105.0585269 40.574467)
2020,OK,Tulsa Fertility Center,115 E. 15th St,Tulsa,74119,Open,291,111,POINT (-95.9843317 36.1412075)
2020,TX,"Austin Fertility Institute, PA","2200 Park Bend Dr, Bldg 1, Suite 402",Austin,78758,Open,354,112,POINT (-97.7031471 30.4094715)
2020,NY,The New York Fertility Center,"42-31 Colden St, Suite 202",Flushing,11355,Open,395,113,POINT (-73.8261573 40.7538975)
2020,MS,University of Mississippi Medical Center,"2925 Layfair Dr, Room 146",Flowood,39232,Open,85,114,POINT (-90.1127638 32.3275748)
2020,HI,Pacific In Vitro Fertilization Institute,"Kapi`olani Medical Center, 1319 Punahou St, Suite 980",Honolulu,96826,Open,368,115,POINT (-157.8334591 21.2998428)
2020,IN,Advanced Fertility Group,"201 Pennsylvania Pkwy, Suite 205",Indianapolis,46280,Open,93,116,POINT (-86.1539337 39.9315132)
2020,GA,"Columbus Center for Reproductive Endocrinology & Infertility, LLC",2323 Whittlesey Rd,Columbus,31909,Open,147,118,POINT (-84.9590208 32.5408262)
2020,IL,University of Chicago Medicine Center for Reproductive Medicine and Fertility,"1101 S. Canal St, Suite 202A",Chicago,60607,Open,182,119,POINT (-87.6388767 41.8675233)
2020,AZ,Southwest Fertility Center,"3125 N. 32nd St, Suite 200",Phoenix,85018,Open,224,120,POINT (-112.0125867 33.4851996)
2020,TX,Fertility Center of San Antonio,"4499 Medical Dr, Suite 200",San Antonio,78229,Open,582,123,POINT (-98.5737759 29.5102941)
2020,CA,Southern California Center for Reproductive Medicine,"361 Hospital Rd, Suite 333",Newport Beach,92663,Open,761,124,POINT (-117.9295889 33.626203)
2020,NJ,NJ Best OB/GYN,"716 Broad St, Suite 2A",Clifton,7013,Open,9,126,POINT (-74.1693648 40.8713741)
2020,NY,Rochester Regional Health Fertility Care,"1561 Long Pond Rd, Suite 410",Rochester,14626,Reorganized,168,127,POINT (-77.7046865 43.1921248)
2020,WA,Pacific Northwest Fertility and IVF Specialists,"1101 Madison St, Suite 1050",Seattle,98104,Open,"1,454",128,POINT (-122.3241094 47.6091997)
2020,LA,ArkLaTex Fertility and Reproductive Medicine,"2401 Greenwood Rd, Suite A",Shreveport,71103,Open,105,129,POINT (-93.7764833 32.4844935)
2020,NY,"Reproductive Medicine Associates of New York, LLP","635 Madison Ave, 10th Floor",New York,10022,Open,"5,481",130,POINT (-73.9709947 40.7636669)
2020,TN,"Fertility Center, LLC",7407 Ziegler Rd,Chattanooga,37421,Open,396,132,POINT (-85.159643 35.020259)
2020,NJ,"University Reproductive Associates, PC",214 Terrace Ave,Hasbrouck Heights,7604,Open,721,133,POINT (-74.0736599 40.8585205)
2020,CA,California Center for Reproductive Medicine,"477 N. El Camino Real, Suite C310",Encinitas,92024,Open,91,135,POINT (-117.261269 33.0571201)
2020,OH,Ohio Reproductive Medicine,"4830 Knightsbridge Blvd, Suite E",Columbus,43214,Open,928,136,POINT (-83.0381384 40.0584787)
2020,CA,American Reproductive Centers,1199 N. Indian Canyon Dr,Palm Springs,92262,Open,113,138,POINT (-116.5458382 33.8391542)
2020,MN,"Midwest Center for Reproductive Health, PA","Arbor Lakes Medical Building, 12000 Elm Creek Blvd North, Suite 350",Maple Grove,55369,Open,235,140,POINT (-93.4332879 45.0957075)
2020,PA,Family Fertility Center,"95 Highland Ave, Suite 100",Bethlehem,18017,Open,106,142,POINT (-75.3844598 40.6672455)
2020,OH,Institute for Reproductive Health,"3805 Edwards Rd, Suite 450",Cincinnati,45209,Open,"1,438",143,POINT (-84.4439587 39.148408)
2020,GA,The Georgia Center for Reproductive Medicine,"5354 Reynolds St, Suite 510",Savannah,31405,Open,221,144,POINT (-81.0995843 32.0275801)
2020,PR,"GREFI, Gynecology, Reproductive Endocrinology & Fertility Institute","First Bank Building, 1519 Ponce de León Ave, Suite 705",San Juan,909,Open,129,145,POINT (-66.0706255 18.4418194)
2020,PA,Reproductive Medicine Associates of Philadelphia,"625 Clark Ave, Suite 17B",King of Prussia,19406,Open,"1,658",146,POINT (-75.4032424 40.0973254)
2020,NJ,"North Hudson IVF, Center for Fertility and Gynecology",385 Sylvan Ave,Englewood Cliffs,7632,Open,51,147,POINT (-73.9521927 40.8746619)
2020,CA,Fertility Care of Orange County,"203 N. Brea Blvd, Suite 100",Brea,92821,Open,262,148,POINT (-117.8980323 33.9219432)
2020,FL,Fertility Center & Applied Genetics of Florida,"5100 Station Way,",Sarasota,34233,Open,234,149,POINT (-82.4663415 27.2724139)
2020,CO,Colorado Reproductive Endocrinology,"4600 E. Hale Pkwy, Suite 350",Denver,80220,Open,169,150,POINT (-104.9344136 39.7327454)
2020,AL,"University of Alabama at Birmingham, Reproductive Endocrinology and Infertility","Women and Infants Center-OB/GYN, 1700 6th Ave South, Suite 9103",Birmingham,35233,Open,149,151,POINT (-86.8047064 33.5060072)
2020,TN,"Kutteh Ke Fertility Associates of Memphis, PLLC","80 Humphreys Center, Suite 307",Memphis,38120,Open,740,152,POINT (-89.8568819 35.1281519)
2020,CO,CNY Fertility Colorado,"265 S. Parkside Dr, Suite 200",Colorado Springs,80910,Open,634,153,POINT (-104.7891021 38.8282693)
2020,MA,Baystate Reproductive Medicine,"Tolosky Center, 3300 Main St, Suite 4C",Springfield,1199,Open,650,154,POINT (-72.6100348 42.1229554)
2020,NC,"Atlantic Reproductive Medicine Specialists, PA","10208 Cerny St, Suite 306",Raleigh,27617,Open,372,155,POINT (-78.8006067 35.9016436)
2020,PA,"The Fertility Center, LLC",130 Leader Heights Rd,York,17403,Open,146,157,POINT (-76.7070905 39.9093889)
2020,AZ,Arizona Center for Reproductive Endocrinology and Infertility,"5190 E. Farness Dr, Suite 114",Tucson,85712,Open,238,160,POINT (-110.883046 32.2475028)
2020,MO,STL Fertility,"555 N. New Ballas Rd, Suite 150",St. Louis,63141,Reorganized,443,164,POINT (-90.4439345 38.6659105)
2020,PA,Main Line Fertility & Reproductive Medicine,"825 Old Lancaster Rd, Suite 170",Bryn Mawr,19010,Open,"1,652",167,POINT (-75.3213591 40.0204715)
2020,PA,"University of Pittsburgh Physicians, Center for Fertility and Reproductive Endocrinology","Magee Womens Hospital, 300 Halket St, Suite 5150",Pittsburgh,15213,Reorganized,908,168,POINT (-79.9607441 40.4369808)
2020,TX,UT Health San Antonio Reproductive Health and Fertility Center,"Medical Arts & Research Center, 8300 Floyd Curl Dr, 5th Floor",San Antonio,78229,Open,294,169,POINT (-94.1268081 36.0525016)
2020,CA,"Tree of Life Center for Fertility, Kinderwunschzentrum Los Angeles","18370 Burbank Blvd, Suite 511",Tarzana,91356,Open,148,171,POINT (-118.5329516 34.170472)
2020,IL,"The Advanced IVF Institute, Charles E. Miller, MD, SC & Associates","120 Osler Dr, Suite 100",Naperville,60540,Open,662,173,POINT (-88.1521214 41.7610005)
2020,IL,Southern Illinois University School of Medicine Fertility and IVF Center,"751 N. Rutledge St, Suite 0100",Springfield,62702,Open,175,174,POINT (-89.6582196 39.8094222)
2020,TX,Dallas-Fort Worth Fertility Associates,"5477 Glen Lakes Dr, Suite 200",Dallas,75231,Open,"1,944",177,POINT (-96.76626 32.8835071)
2020,CA,"Central California IVF Program, Women's Specialty and Fertility Center","729 N. Medical Center Dr West, Suite 205",Clovis,93611,Open,335,178,POINT (-119.6607828 36.8417781)
2020,MD,Shady Grove Fertility-Rockville,"9601 Blackwell Rd, 4th Floor",Rockville,20850,Open,"10,997",179,POINT (-77.1928177 39.1016751)
2020,WA,"University Reproductive Care, University of Washington","4245 Roosevelt Way N.E., 3rd Floor",Seattle,98105,Open,261,180,POINT (-122.3179059 47.6588312)
2020,WI,"Froedtert & Medical College of Wisconsin, Reproductive Medicine Center","North Hills Health Center, W129 N7055 Northfield Dr, Bldg B, Suite 500",Menomonee Falls,53051,Open,540,183,POINT (-88.071762 43.1449966)
2020,NJ,"Cooper Institute for Reproductive Hormonal Disorders, PC","17000 Commerce Pkwy, Suite C",Mount Laurel,8054,Open,571,186,POINT (-74.9419754 39.9182649)
2020,MO,Center for Reproductive Medicine & Robotic Surgery,"844 N. New Ballas Ct, Suite 300",St. Louis,63141,Open,77,187,POINT (-90.4443225 38.6731328)
2020,CA,Pacific Reproductive Center,"3720 Lomita Blvd, Suite 200",Torrance,90505,Open,349,188,POINT (-118.3497208 33.8149405)
2020,FL,Assisted Fertility Program,"3627 University Blvd South, Suite 450",Jacksonville,32216,Open,121,190,POINT (-81.6010292 30.2873088)
2020,FL,IVF Florida Reproductive Associates,"2960 N. State Rd 7, Suite 300",Margate,33063,Open,"1,720",192,POINT (-80.2007799 26.2641888)
2020,GA,Reproductive Biology Associates,"1100 Johnson Ferry Rd N.E., Suite 200",Atlanta,30342,Open,"1,894",196,POINT (-84.3495338 33.9069838)
2020,CA,Naval Medical Center San Diego Infertility Clinic,34800 Bob Wilson Dr.,San Diego,92134,Reorganized,235,197,POINT (-117.1466 32.7242)
2020,CA,Loma Linda University Center for Fertility and IVF,"Department of Gynecology and Obstetrics, 11370 Anderson St, Suite 3950",Loma Linda,92354,Open,177,199,POINT (-117.2620386 34.0471759)
2020,CA,Lane Fertility Institute,"101 Rowland Way, Suite 305",Novato,94945,Open,112,200,POINT (-122.5596395 38.0973474)
2020,TX,"Southwest Center for Reproductive Health, PA",700 S. Mesa Hills Dr,El Paso,79912,Open,100,201,POINT (-106.5386585 31.8154409)
2020,VA,The New Hope Center for Reproductive Medicine,"448 Viking Dr, Suite 100",Virginia Beach,23452,Open,390,202,POINT (-76.072674 36.8268749)
2020,NY,New York Reproductive Wellness,300 S. Oyster Bay Rd,Syosset,11791,Open,387,204,POINT (-73.5034336 40.7963217)
2020,TX,Reproductive Institute of South Texas,"110 E. Savannah Ave, Bldg B, Suite 103",McAllen,78503,Open,112,205,POINT (-98.2214688 26.1844585)
2020,CA,LifeStart Fertility Center,"29525 Canwood St, Suite 210",Agoura Hills,91301,Open,34,207,POINT (-118.7672994 34.1480175)
2020,PA,Sincera Reproductive Medicine,"467 Pennsylvania Ave, Suite 202B",Fort Washington,19034,Open,770,208,POINT (-75.2079389 40.1353281)
2020,NC,Womack Army Medical Center,"WAMC MCXC-OB, 2817 Reilly Rd, Mailstop A",Fort Bragg,28310,Reorganized,171,209,POINT (-79.0020927 35.14615)
2020,CA,Newport Fertility Center,"3501 Jamboree Rd, Suite 1100",Newport Beach,92660,Open,309,210,POINT (-117.866457 33.654931)
2020,CA,Fertility Center of Southern California,"4980 Barranca Pkwy, Suite 200",Irvine,92604,Open,286,211,POINT (-117.7941488 33.6757475)
2020,AL,Center for Reproductive Medicine,"3 Mobile Infirmary Cir, Suite 401",Mobile,36607,Open,328,212,POINT (-88.1029 30.6975)
2020,CA,Pacific Fertility Center,"55 Francisco St, Suite 500",San Francisco,94133,Open,"1,488",214,POINT (-122.405558 37.8054243)
2020,FL,University of Miami Infertility Center,"1400 N.W. 12th Ave, Suite 5",Miami,33136,Open,267,215,POINT (-80.2158499 25.7886624)
2020,FL,"F.I.R.S.T., Florida Institute for Reproductive Sciences and Technologies","2300 N. Commerce Pkwy, Suite 319",Weston,33326,Open,207,216,POINT (-80.3673663 26.0919982)
2020,NC,"Program for Assisted Reproduction at Atrium Health's Carolinas Medical Center, CMC Women's Institute","1025 Morehead Medical Dr, Suite 500",Charlotte,28204,Open,646,217,POINT (-80.8389033 35.2049751)
2020,HI,Fertility Institute of Hawaii,"1401 S. Beretania St, Suite 250",Honolulu,96814,Open,583,219,POINT (-157.8394051 21.2996001)
2020,CA,California Fertility Partners,"11818 Wilshire Blvd, Suite 300",Los Angeles,90025,Open,"1,293",220,POINT (-118.462978 34.0473073)
2020,NJ,Women's Fertility Center,"106 Grand Ave, Suite 400",Englewood,7631,Open,56,224,POINT (-73.9759738 40.8896804)
2020,MA,Massachusetts General Hospital Fertility Center,"32 Fruit St, Yawkey 10A",Boston,2114,Open,"1,307",226,POINT (-71.0694942 42.3620194)
2020,NY,New York Fertility Institute,1016 Fifth Ave,New York,10028,Open,104,227,POINT (-73.9615353 40.7793023)
2020,LA,Audubon Fertility,4321 Magnolia St,New Orleans,70115,Open,581,228,POINT (-90.1025188 29.937509)
2020,FL,Florida Institute for Reproductive Medicine,"836 Prudential Dr, Suite 902",Jacksonville,32207,Open,"1,194",231,POINT (-81.6628112 30.3160239)
2020,NV,Fertility Center of Las Vegas,"8851 W. Sahara Ave, Suite 100",Las Vegas,89117,Open,792,233,POINT (-115.2895463 36.1429759)
2020,TX,Scott & White Clinic-Temple,"Department of Obstetrics and Gynecology, 2401 S. 31st St",Temple,76508,Reorganized,238,234,POINT (-97.3639792 31.0776472)
2020,CT,Center for Advanced Reproductive Services,2 Batterson Park Rd,Farmington,6032,Open,"1,844",235,POINT (-72.8001018 41.7068611)
2020,TX,Fertility and Advanced Reproductive Medicine,"Outpatient Building, 1801 Inwood Rd, Suite 616",Dallas,75390,Open,229,238,POINT (-96.8464282 32.8161319)
2020,NJ,Reproductive Science Center of New Jersey,"234 Industrial Way West, Suite A104",Eatontown,7724,Open,454,239,POINT (-74.0560827 40.2764915)
2020,FL,"Fertility & IVF Center of Miami, Inc.","8950 N. Kendall Dr, Suite 103",Miami,33176,Open,576,241,POINT (-80.3407135 25.6830356)
2020,KS,"Midwest Reproductive Center, PA","Doctors Building 1, 20375 W. 151st St, Suite 403",Olathe,66061,Open,452,243,POINT (-94.824476 38.8527687)
2020,CA,CARE Fertility,"1500 E. Chevy Chase Dr, Suite 450",Glendale,91206,Open,415,244,POINT (-118.2321381 34.1517311)
2020,AZ,"Fertility Treatment Center, PC","2155 E. Conference Dr, Suite 115",Tempe,85284,Open,548,246,POINT (-111.8950998 33.3423602)
2020,TX,Center for Assisted Reproduction,1701 Park Place Ave,Bedford,76022,Open,"1,041",249,POINT (-97.129502 32.8344171)
2020,TX,Aspire Fertility-Houston,"7515 S. Main St, Suite 500",Houston,77030,Open,"1,221",252,POINT (-95.4104406 29.6986432)
2020,TX,Dallas IVF,"2840 Legacy Dr, Bldg 1, Suite 100",Frisco,75034,Open,"1,165",253,POINT (-96.8408548 33.1021815)
2020,IA,"University of Iowa Hospitals and Clinics, Center for Advanced Reproductive Care","Department of Obstetrics and Gynecology, 1360 N. Dodge St, Suite 2000",Iowa City,52245,Open,"1,060",255,POINT (-91.5161819 41.677803)
2020,FL,Polcz Fertility Center,"9868 S. State Rd 7, Suite 320",Boynton Beach,33472,Open,21,257,POINT (-80.1986649 26.5410013)
2020,TN,Nashville Fertility Center,"345 23rd Ave North, Suite 401",Nashville,37203,Open,"1,113",258,POINT (-86.8096365 36.1550075)
2020,NY,"Hudson Valley Fertility, PLLC","400 Westage Business Center Dr, Suite 109",Fishkill,12524,Open,209,259,POINT (-73.8965002 41.5243311)
2020,IL,Center for Reproductive Health/Joliet IVF,2246 Weber Rd,Crest Hill,60403,Open,209,261,POINT (-88.1206106 41.5628081)
2020,OH,Reproductive Gynecology & Infertility-Westerville,"540 N. Cleveland Ave, Suite 100",Westerville,43082,Open,969,262,POINT (-82.9465586 40.1403754)
2020,NM,"The Fertility Center of New Mexico, LLC","201 Cedar St S.E., Suite S1-20",Albuquerque,87106,Open,254,263,POINT (-106.634645 35.080839)
2020,NJ,Fertility Institute of New Jersey and New York,"680 Kinderkamack Rd, Suite 200",Oradell,7649,Open,479,266,POINT (-74.0300667 40.9634163)
2020,FL,The Reproductive Medicine Group,"5245 E. Fletcher Ave, Suite 1",Tampa,33617,Open,"1,122",267,POINT (-82.3962872 28.0686337)
2020,MO,"MU Healthcare, Reproductive Health and Fertility Center","500 N. Keene St, Suite 203",Columbia,65201,Open,112,268,POINT (-92.2878019 38.9581616)
2020,SD,Sanford Women's Health,"1500 W. 22nd St, MB3, Suite 102",Sioux Falls,57105,Open,437,269,POINT (-96.7435654 43.5345937)
2020,CA,Fertility and Surgical Associates of California,"325 Rolling Oaks Dr, Suite 110",Thousand Oaks,91361,Open,"1,314",270,POINT (-118.871559 34.1747551)
2020,OR,ORM Fertility-Portland,808 S.W. 15th Ave,Portland,97205,Open,"2,262",272,POINT (-122.6873595 45.5204658)
2020,CT,Reproductive Medicine Associates of Connecticut,"761 Main Ave, Suite 200",Norwalk,6851,Open,"2,242",273,POINT (-73.4208842 41.159657)
2020,PR,Clinica de Fertilidad HIMA-San Pablo Caguas,"Ave Muñoz Rivera, A-1, Suite 303",Caguas,726,Open,42,274,POINT (-66.0358456 18.2468206)
2020,IL,Fertility Centers of Illinois-River North IVF,"900 N. Kingsbury St, River Walk 6",Chicago,60610,Open,"3,230",275,POINT (-87.6444211 41.8990278)
2020,TX,"Texas Fertility Center, Vaughn, Silverberg & Associates","6500 N. Mopac Expressway, Bldg 1, Suite 1200",Austin,78731,Open,"2,542",276,POINT (-97.751443 30.3471711)
2020,HI,Advanced Reproductive Center of Hawaii,"1319 Punahou St, Suite 510",Honolulu,96826,Open,142,277,POINT (-157.8337386 21.2999149)
2020,VA,Virginia Center for Reproductive Medicine,"11150 Sunset Hills Rd, Suite 100",Reston,20190,Open,160,278,POINT (-77.3303928 38.9481546)
2020,CA,CARE for the Bay Area,"555 Knowles Dr, Suite 212",Los Gatos,95032,Open,275,280,POINT (-121.9662772 37.262024)
2020,KY,"Fertility & Endocrine Associates, Louisville Reproductive Center","4123 Dutchmans Ln, Suite 414",Louisville,40207,Open,231,281,POINT (-85.6321819 38.2354361)
2020,VA,Washington Fertility Center,4316 Evergreen Ln,Annandale,22003,Open,115,282,POINT (-77.1864386 38.8307289)
2020,FL,"Southwest Florida Fertility Center, PA","15730 New Hampshire Ct, Suite 101",Fort Myers,33908,Open,126,284,POINT (-81.8971593 26.5151137)
2020,OH,Bethesda Fertility Center,"10506 Montgomery Rd, Suite 303",Cincinnati,45242,Open,329,285,POINT (-84.3404577 39.2512865)
2020,GA,Reproductive Medicine and Infertility Associates,810 Chafee Ave,Augusta,30904,Open,193,286,POINT (-81.9902937 33.4747074)
2020,TX,Brooke Army Medical Center,"Department of Obstetrics & Gynecology, 3551 Roger Brooke Dr",Fort Sam Houston,78234,Reorganized,140,289,POINT (-97.3159704 37.7017739)
2020,NY,Montefiore's Institute for Reproductive Medicine and Health,"141 S. Central Ave, Suite 201",Hartsdale,10530,Open,277,293,POINT (-73.8029167 41.0158452)
2020,FL,The IVF Center,5901 Brick Ct,Winter Park,32792,Reorganized,287,295,POINT (-81.2756707 28.611928)
2020,CO,Rocky Mountain Fertility Center,12770 Lynnfield Dr,Englewood,80112,Open,121,299,POINT (-104.841853 39.5367013)
2020,IL,Advanced Fertility Center of Chicago,"30 Tower Ct, Suite F",Gurnee,60031,Open,"1,135",300,POINT (-87.8993371 42.3573697)
2020,CA,"Alex Steinleitner, MD, Inc.",127 Casa St,San Luis Obispo,93405,Open,334,301,POINT (-120.6650384 35.2919447)
2020,NV,The Nevada Center for Reproductive Medicine,"645 Sierra Rose Dr, Suite 205",Reno,89511,Open,557,304,POINT (-119.7976984 39.4746368)
2020,NY,RMA Long Island IVF,"8 Corporate Center Dr, Suite 101",Melville,11747,Open,"1,723",306,POINT (-73.4075121 40.7747566)
2020,TN,Tennessee Reproductive Medicine,"6031 Shallowford Rd, Suite 101",Chattanooga,37421,Open,397,307,POINT (-85.1829676 35.0538913)
2020,AZ,"Advanced Fertility Care, PLLC","9819 N. 95th St, Suite 105",Scottsdale,85258,Open,574,312,POINT (-111.8750626 33.5756073)
2020,CT,"Greenwich Fertility and IVF Center, PC","55 Holly Hill Ln, Suite 270",Greenwich,6830,Open,492,313,POINT (-73.6466663 41.0163127)
2020,TN,Quillen Fertility & Women's Services,"1319 Sunset Dr, Suite 103",Johnson City,37604,Open,42,314,POINT (-82.3925139 36.3273524)
2020,CT,New England Fertility Institute,"1275 Summer St, Suite 201",Stamford,6905,Open,426,315,POINT (-73.5414815 41.0620183)
2020,CA,"Cedars Sinai Medical Center, Center for Fertility and Reproductive Medicine","444 S. San Vicente Blvd, Suite 1002",Los Angeles,90048,Open,210,316,POINT (-118.3752833 34.0701384)
2020,CA,OC Fertility,"1401 Avocado Ave, Suite 403",Newport Beach,92660,Open,289,317,POINT (-117.8706784 33.6125463)
2020,MI,"Michigan Center for Fertility and Women's Health, PLC",4700 E. 13 Mile Rd,Warren,48092,Open,503,318,POINT (-83.0603837 42.520214)
2020,NJ,"Shore Institute for Reproductive Medicine dba, Morgan Fertility and Reproductive Medicine","475 Route 70 West, Suite 201",Lakewood,8701,Open,226,319,POINT (-74.200564 40.0506)
2020,MI,Reproductive Medicine Associates of Michigan,"130 Town Center Dr, Suite 106",Troy,48084,Open,879,320,POINT (-83.1508892 42.5681704)
2020,NJ,Delaware Valley Institute of Fertility & Genetics,"6000 Sagemore Dr, Suite 6102",Marlton,8053,Open,75,322,POINT (-74.919381 39.874387)
2020,IL,Chicago IVF,"5225 Old Orchard Rd, Suite 21",Skokie,60077,Open,554,323,POINT (-87.7583733 42.0619287)
2020,AL,Alabama Fertility Specialists,3490 Independence Dr,Birmingham,35209,Open,518,325,POINT (-86.7827748 33.4709052)
2020,IN,Indiana University Hospital,"550 N. University Blvd, Suite 2403",Indianapolis,46202,Open,28,326,POINT (-86.1763903 39.7754993)
2020,VA,Dominion Fertility and Endocrinology,"4040 N. Fairfax Dr, Suite 600",Arlington,22203,Open,"1,248",327,POINT (-77.1088787 38.8820343)
2020,KY,Bluegrass Fertility Center,"1760 Nicholasville Rd, Suite 501",Lexington,40503,Open,118,328,POINT (-84.5136597 38.0182113)
2020,FL,Brown Fertility,"14540 Old Saint Augustine Rd, Bldg 2, Suite 2497",Jacksonville,32258,Open,883,329,POINT (-81.5353868 30.139213)
2020,OH,University Hospitals Fertility Center,"Kathy Risman Pavilion, 1000 Auburn Dr, Suite 310",Beachwood,44122,Open,580,331,POINT (-81.4949648 41.4525619)
2020,NC,"Duke Fertility Center, Duke University Medical Center",5704 Fayetteville Rd,Durham,27713,Open,430,333,POINT (-78.9283269 35.9223902)
2020,TX,Center of Reproductive Medicine (CORM),"1015 Medical Center Blvd, Suite 2100",Webster,77598,Open,949,334,POINT (-95.1332447 29.5351074)
2020,NY,Kofinas Fertility Group,"65 Broadway, 14th Floor",New York,10006,Open,778,337,POINT (-74.0125825 40.707344)
2020,PR,"Pedro J. Beauchamp, MD IVF Program dba, Puerto Rico Fertility Center","Dr. Arturo Cadilla Building, 100 Paseo San Pablo, Suite 503",Bayamón,961,Open,217,338,POINT (-66.1481046 18.3988787)
2020,CA,Reproductive Partners Fertility Center-San Diego,"9850 Genesee Ave, Suite 800",La Jolla,92037,Open,"1,029",339,POINT (-117.2264406 32.8832558)
2020,MA,"Fertility Solutions, PC",45 Stergis Way,Dedham,2026,Open,624,341,POINT (-71.176368 42.2342744)
2020,WI,Reproductive Specialty Center,"2350 N. Lake Dr, Suite 504",Milwaukee,53211,Open,41,343,POINT (-87.8786794 43.0612692)
2020,NC,UNC Fertility,"7920 ACC Blvd, Suite 300",Raleigh,27617,Open,923,344,POINT (-78.7636599 35.9067499)
2020,NC,"North Carolina Center for Reproductive Medicine, The Talbert Fertility Institute","400 Ashville Ave, Suite 200",Cary,27518,Open,336,347,POINT (-78.7866267 35.7375177)
2020,IN,"Family Beginnings, PC","8435 Clearvista Pl, Suite 104",Indianapolis,46256,Open,165,352,POINT (-86.040907 39.9099317)
2020,MD,Montgomery Fertility Center,"3202 Tower Oaks Blvd, Suite 370",Rockville,20852,Open,107,353,POINT (-77.150731 39.0594042)
2020,OH,UC Center for Reproductive Health,"7675 Wellness Way, Suite 315",West Chester,45069,Open,400,355,POINT (-84.3679973 39.3580095)
2020,CA,"The Fertility and Gynecology Center, Monterey Bay IVF",9833 Blue Larkspur Ln,Monterey,93940,Open,71,356,POINT (-121.8017642 36.5714039)
2020,NY,Strong Fertility Center,"500 Red Creek Dr, Suite 220",Rochester,14623,Open,762,357,POINT (-77.6303291 43.0645425)
2020,NC,"Carolina Conceptions, PA","2601 Lake Dr, Suite 301",Raleigh,27607,Open,"1,120",358,POINT (-78.7071331 35.8162475)
2020,CA,Zouves Fertility Center,"1241 E. Hillsdale Blvd, Suite 100",Foster City,94404,Open,442,359,POINT (-122.2675786 37.5679205)
2020,ND,Sanford Health Reproductive Medicine Institute,1111 Harwood Dr South,Fargo,58104,Open,347,360,POINT (-96.7981057 46.8304166)
2020,CA,UCLA Fertility Center,"Department of Obstetrics and Gynecology, 200 Medical Plaza, Suite 220",Los Angeles,90095,Open,537,361,POINT (-118.4471591 34.0648474)
2020,CA,UCSF Center for Reproductive Health,"499 Illinois St, 6th Floor",San Francisco,94158,Open,"2,922",362,POINT (-122.3877002 37.7658385)
2020,NE,Reproductive Health Specialists,"717 N. 190th Plaza, Suite 2500",Elkhorn,68022,Open,945,363,POINT (-96.212523 41.264578)
2020,MI,Michigan Reproductive Medicine,"41000 Woodward Ave, Suite 100E",Bloomfield Hills,48304,Open,335,364,POINT (-83.2485098 42.5906368)
2020,MO,Missouri Fertility,"1506 E. Broadway, Suite 220",Columbia,65201,Open,219,365,POINT (-92.3174056 38.9504784)
2020,CA,"Kathleen Kornafel, MD, PhD","1560 E. Chevy Chase Dr, Suite 200",Glendale,91206,Open,34,368,POINT (-118.2301577 34.1527325)
2020,DC,Columbia Fertility Associates,"2440 M St N.W., Suite 401",Washington,20037,Open,747,370,POINT (-77.052984 38.904908)
2020,WA,Center for Reproductive Health,"201 W. North River Dr, Suite 100",Spokane,99201,Open,253,371,POINT (-117.4136438 47.6634717)
2020,IN,Midwest Fertility Specialists,"12188-A N. Meridian St, Suite 250",Carmel,46032,Open,"1,287",373,POINT (-86.1588019 39.9670124)
2020,OK,Bennett Fertility Institute,"3433 N.W. 56th St, Bldg B, Suite 200",Oklahoma City,73112,Open,266,374,POINT (-97.5772918 35.5286242)
2020,AZ,"Arizona Center for Fertility Studies, (ACFS)",8426 E. Shea Blvd,Scottsdale,85260,Reorganized,344,375,POINT (-111.898232 33.582847)
2020,TX,Texas Center for Reproductive Health,"Barnett Tower, 3600 Gaston Ave, Suite 504",Dallas,75246,Open,58,376,POINT (-96.7801012 32.7901014)
2020,NY,CNY Fertility Center,195 Intrepid Ln,Syracuse,13205,Open,"12,035",377,POINT (-76.1264296 43.0022974)
2020,AZ,Reproductive Health Center,4518 E. Camp Lowell Dr,Tucson,85712,Open,342,378,POINT (-110.8964109 32.2645511)
2020,NV,Red Rock Fertility Center,"9120 W. Russell Rd, Suite 200",Las Vegas,89148,Open,284,379,POINT (-115.2908997 36.0859592)
2020,OH,Cleveland Clinic Fertility Center,"26900 Cedar Rd, Suite 220S",Beachwood,44122,Open,924,380,POINT (-81.4892344 41.5004534)
2020,NJ,Damien Fertility Partners,"655 Shrewsbury Ave, Suite 300",Shrewsbury,7702,Open,498,381,POINT (-74.0723604 40.3262728)
2020,OH,Reproductive Gynecology & Infertility-Akron,"95 Arch St, Suite 250",Akron,44304,Open,"1,099",382,POINT (-81.4995028 41.0822656)
2020,FL,Florida Fertility Institute,"2454 N. McMullen Booth Rd, Suite 601",Clearwater,33759,Open,376,383,POINT (-82.7074751 28.0103991)
2020,AZ,IVF Phoenix,"9817 N. 95th St, Bldg I, Suite 107",Scottsdale,85258,Open,220,384,POINT (-111.8755363 33.5756287)
2020,CA,"Reproductive Partners-Beverly Hills, Redondo Beach & Westminster","510 N. Prospect Ave, Suite 202",Redondo Beach,90277,Open,"2,156",385,POINT (-118.3789201 33.8524925)
2020,KS,Reproductive Resource Center of Greater Kansas City,"6650 W. 110th St, Suite 320",Overland Park,66211,Open,320,386,POINT (-94.6619307 38.9301112)
2020,MO,Fertility Partnership,"5401 Veterans Memorial Pkwy, Suite 201",Saint Peters,63376,Open,389,387,POINT (-90.5950078 38.7970685)
2020,CA,"Coastal Fertility Medical Center, Inc.","15500 Sand Canyon Ave, Suite 100",Irvine,92618,Open,342,388,POINT (-117.765639 33.6683947)
2020,MO,"Fertility and Reproductive Medicine Center, at Washington University School of Medicine and Barnes-Jewish Hospital","4444 Forest Park Ave, Suite 3100",St. Louis,63108,Open,800,389,POINT (-90.257001 38.6371826)
2020,IL,Northwestern Fertility and Reproductive Medicine,"259 E. Erie St, Suite 2400",Chicago,60611,Open,"2,814",390,POINT (-87.620776 41.8938912)
2020,IL,Midwest Fertility Center,4333 Main St,Downers Grove,60515,Open,129,391,POINT (-88.010815 41.808174)
2020,CA,"Valley Center for Reproductive Health, Inc., West Coast Women's Reproductive Center","4835 Van Nuys Blvd, Suite 200",Sherman Oaks,91403,Open,85,392,POINT (-118.4490589 34.1584984)
2020,IL,"Seth Levrant, MD, PC, Partners in Reproductive Health","16345 S. Harlem Ave, Suite 100",Tinley Park,60477,Open,81,393,POINT (-87.792988 41.593312)
2020,GA,Shady Grove Fertility-Atlanta,"5445 Meridian Mark Rd, Suite 270",Atlanta,30342,Open,"1,202",394,POINT (-84.3540147 33.9036348)
2020,WI,University of Wisconsin-Generations Fertility Care,2365 Deming Way,Middleton,53562,Open,317,397,POINT (-89.5172461 43.1006195)
2020,PA,"University of Pennsylvania, Penn Fertility Care","3701 Market St, Suite 800",Philadelphia,19104,Open,"1,385",398,POINT (-75.1961285 39.9567829)
2020,PA,Geisinger Medical Center Fertility Program,100 N. Academy Ave,Danville,17822,Open,265,409,POINT (-76.6053472 40.9677777)
2020,MS,"Mississippi Reproductive Medicine, PLLC",2500 Lakeland Dr,Flowood,39232,Open,245,410,POINT (-90.1222775 32.3306239)
2020,OR,The Fertility Center of Oregon,"590 Country Club Pkwy, Suite A",Eugene,97401,Open,232,411,POINT (-123.0923252 44.0639397)
2020,NJ,Center for Advanced Reproductive Medicine & Fertility,"4 Ethel Rd, Suite 405A",Edison,8817,Open,428,412,POINT (-74.3960412 40.5412274)
2020,CT,Park Avenue Fertility and Reproductive Medicine,"5520 Park Ave, Suite WPG-250",Trumbull,6611,Open,304,414,POINT (-73.243205 41.2274192)
2020,WA,Olympia Women's Health,"403 Black Hills Ln S.W., Suite E",Olympia,98502,Open,89,415,POINT (-122.950427 47.0468315)
2020,NJ,Reproductive Medicine Associates of New Jersey,140 Allen Rd,Basking Ridge,7920,Open,"8,710",416,POINT (-74.5852298 40.6473264)
2020,WV,West Virginia University Center for Reproductive Medicine,"1322 Pineview Dr, Suite 2",Morgantown,26505,Open,183,418,POINT (-79.9536756 39.6627366)
2020,MD,"Endrika Hinton, MD","10751 Falls Rd, Suite 302",Lutherville,21093,Open,57,419,POINT (-76.6689376 39.4202919)
2020,MO,Infertility Center of St. Louis,"224 S. Woods Mill Rd, Suite 730",Chesterfield,63017,Open,773,420,POINT (-90.5026361 38.6518933)
2020,NY,"Metropolitan Reproductive Medicine, PC",422 West End Ave,New York,10024,Open,55,421,POINT (-73.980255 40.785299)
2020,CA,Bay IVF Center,1681 El Camino Real,Palo Alto,94306,Open,194,423,POINT (-122.1518749 37.4306854)
2020,CA,Northern California Fertility Medical Center,4320 Auburn Blvd,Sacramento,95841,Open,"1,141",424,POINT (-121.3632219 38.6446994)
2020,IL,InVia Fertility Specialists,"1585 N. Barrington Rd, Bldg 2, Suite 406",Hoffman Estates,60169,Open,"1,059",425,POINT (-88.1412181 42.0541958)
2020,CA,"California Center for Reproductive Health, Reproductive Fertility Center","9201 W. Sunset Blvd, Suite 500",West Hollywood,90069,Open,990,426,POINT (-118.3925926 34.0909746)
2020,TX,CCRM Dallas-Fort Worth,"8380 Warren Pkwy, Suite 201",Frisco,75034,Open,194,427,POINT (-96.8141914 33.108888)
2020,VA,VCU Reproductive Medicine,9109 Stony Point Dr,Richmond,23235,Open,450,428,POINT (-77.5657455 37.547506)
2020,CT,Yale Fertility Center,"200 W. Campus Dr, 2nd Floor",Orange,6477,Open,681,431,POINT (-72.9970282 41.2537803)
2020,UT,Utah Fertility Center,1446 W. Pleasant Grove Blvd,Pleasant Grove,84062,Open,"2,964",433,POINT (-111.7612989 40.3605118)
2020,FL,UF Health Reproductive Medicine at Springhill,"4037 N.W. 86th Terrace, 1st Floor",Gainesville,32606,Open,107,434,POINT (-82.4338208 29.6902863)
2020,TN,"Southeastern Center for Fertility and Reproductive Surgery, PLLC",11126 Kingston Pike,Knoxville,37934,Open,326,436,POINT (-84.1503151 35.8857761)
2020,NY,"Weill Cornell Medicine, Center for Reproductive Medicine","1305 York Ave, 6th Floor",New York,10021,Open,"5,211",437,POINT (-73.9551571 40.7654976)
2020,GA,Servy Fertility Institute,812 Chafee Ave,Augusta,30904,Open,94,438,POINT (-81.9902529 33.4746478)
2020,NY,"Infertility & IVF Medical Associates of Western New York, PLLC dba, Buffalo IVF",4510 Main St,Buffalo,14226,Open,704,440,POINT (-78.783129 42.9638803)
2020,NY,Center for Human Reproduction (CHR),21 E. 69th St,New York,10021,Open,462,441,POINT (-73.9663333 40.7698378)
2020,TX,Austin Fertility and Reproductive Medicine-Westlake IVF,"300 Beardsley Ln, Bldg B, Suite 200",Austin,78746,Open,348,442,POINT (-97.8541355 30.3132975)
2020,IL,"Daniel Rostein, MD, SC","2208 Midwest Rd, Suite 102",Oak Brook,60523,Open,19,444,POINT (-87.9728757 41.845202)
2020,TX,Fertility Center of Dallas,"Baylor Medical Pavilion, 3900 Junius St, Suite 610",Dallas,75246,Open,275,445,POINT (-96.7776301 32.7907713)
2020,CA,"Reproductive Fertility Center, LinFertility Family Foundation","16300 Sand Canyon Ave, Suite 911",Irvine,92618,Open,794,446,POINT (-117.773255 33.660353)
2020,FL,Conceptions Florida: Center for Fertility and Genetics,"4425 Ponce de Leon Blvd, Suite 110",Coral Gables,33146,Open,434,450,POINT (-80.2577452 25.7312214)
2020,TX,Family Fertility Center,"Texas Children's Pavilion for Women, 6651 Main St, Suite E350",Houston,77030,Open,504,451,POINT (-95.4027098 29.7082489)
2020,NC,Reproductive Endocrinology Associates of Charlotte,1524 E. Morehead St,Charlotte,28207,Open,"1,063",452,POINT (-80.8352372 35.2040615)
2020,FL,Palm Beach Fertility Center,"7015 Beracasa Way, Suite 201",Boca Raton,33433,Open,237,453,POINT (-80.1546332 26.3511591)
2020,AZ,"Arizona Reproductive Medicine Specialists, LLC","1701 E. Thomas Rd, Bldg 1, Suite 101",Phoenix,85016,Open,429,454,POINT (-112.0445287 33.4799284)
2020,NE,"Heartland Center for Reproductive Medicine, PC",7308 S. 142nd St,Omaha,68138,Reorganized,487,455,POINT (-96.1379945 41.1885215)
2020,WA,Poma Fertility,"12039 N.E. 128th St, Suite 110",Kirkland,98034,Open,715,457,POINT (-122.1794818 47.7144649)
2020,CA,"The Center for Fertility and Gynecology, Vermesh Center for Fertility","18370 Burbank Blvd, Suite 301",Tarzana,91356,Open,313,458,POINT (-118.532992 34.1704364)
2020,CA,Nova In Vitro Fertilization,"2500 Hospital Dr, Bldg 7",Mountain View,94040,Open,463,460,POINT (-122.0824654 37.368271)
2020,VA,Genetics & IVF Institute,3015 Williams Dr,Fairfax,22031,Open,181,461,POINT (-77.2332406 38.8684659)
2020,FL,Boca Fertility,"875 Meadows Rd, Suite 334",Boca Raton,33486,Open,265,462,POINT (-80.1042564 26.3596379)
2020,NJ,Diamond Institute for Infertility & Menopause,89 Millburn Ave,Millburn,7041,Open,418,463,POINT (-74.2868409 40.7229841)
2020,IN,"Henry Fertility dba, Reproductive Care of Indiana","201 Pennsylvania Pkwy, Suite 325",Indianapolis,46280,Open,186,464,POINT (-86.1539337 39.9315132)
2020,CA,Kaiser Permanente Center for Reproductive Health-Fremont,"39141 Civic Center Dr, Suite 350",Fremont,94538,Open,"1,210",467,POINT (-121.9766819 37.5540178)
2020,TX,HART Fertility Clinic,"111 Vision Park, Suite 110",The Woodlands,77384,Open,269,468,POINT (-95.4568542 30.1908842)
2020,TX,IVFMD-Irving,"7501 Las Colinas Blvd, Suite 200A",Irving,75063,Open,505,469,POINT (-96.9555275 32.9097834)
2020,WI,Wisconsin Fertility Institute,3146 Deming Way,Middleton,53562,Open,589,470,POINT (-89.5265519 43.1058149)
2020,MA,Brigham and Women's Hospital Center for Assisted Reproductive Technology,75 Francis St,Boston,2115,Open,"2,114",473,POINT (-71.1067408 42.3362036)
2020,HI,Tripler Army Medical Center IVF Institute,"Department of Obstetrics and Gynecology, 1 Jarrett White Rd",Tripler AMC,96859,Open,264,474,POINT (-157.8904122 21.359566)
2020,CA,HRC Fertility-Pasadena,"55 S. Lake Ave, 9th Floor",Pasadena,91101,Open,"5,586",477,POINT (-118.1332977 34.1448763)
2020,TX,"Fertility Specialists of Texas, PLLC","5757 Warren Pkwy, Suite 300",Frisco,75034,Open,"1,235",480,POINT (-96.8371731 33.1056365)
2020,CA,"Advanced Fertility Associates Medical Group, Inc.","1111 Sonoma Ave, Suite 214",Santa Rosa,95405,Open,178,481,POINT (-122.6999677 38.4420241)
2020,CA,"Center for Reproductive Health & Gynecology, (CRH&G)","99 N. La Cienega Blvd, Suite 109",Beverly Hills,90211,Open,92,482,POINT (-118.3766008 34.0672885)
2020,NJ,"Center for Reproductive Medicine and Fertility, Louis R. Manara, DO","200 Route 73, Suite A",Voorhees,8043,Open,180,485,POINT (-74.923252 39.8426462)
2020,DE,RADfertility,"Medical Arts Pavilion 2, 4735 Ogletown-Stanton Rd, Suite 3217",Newark,19713,Open,773,488,POINT (-75.6730825 39.6855886)
2020,TX,Advanced Fertility Center of Texas,10901 Katy Freeway,Houston,77079,Open,373,489,POINT (-95.5701785 29.7837203)
2020,MA,"Boston IVF, LLC",130 Second Ave,Waltham,2451,Open,"6,939",490,POINT (-71.2638486 42.3927601)
2020,CA,Santa Monica Fertility,"2825 Santa Monica Blvd, Suite 100",Santa Monica,90404,Open,431,491,POINT (-118.4721168 34.0357459)
2020,WV,"Cabell Huntington Hospital, Center for Advanced Reproductive Medicine","1600 Medical Center Dr, Suite 4500",Huntington,25701,Open,44,493,POINT (-82.4268842 38.4090966)
2020,LA,Fertility Institute of New Orleans,"800 N. Causeway Blvd, Suite 2C",Mandeville,70448,Open,916,496,POINT (-90.0923752 30.3769991)
2020,AR,Arkansas Fertility Center,"9101 Kanis Rd, Suite 300",Little Rock,72205,Open,335,497,POINT (-92.3762737 34.7406739)
2020,NV,Green Valley Fertility Partners,"2510 Wigwam Pkwy, Suite 201",Henderson,89074,Open,345,501,POINT (-115.0975335 36.0349333)
2020,WI,"Aurora Health Care-Aurora Fertility Services, West Allis","West Allis Memorial Hospital, 8901 W. Lincoln Ave, 2nd Floor",West Allis,53227,Reorganized,404,503,POINT (-88.0234228 43.0013586)
2020,TX,IVF Plano,"6300 W. Parker Rd, MOB 2, Suite G28",Plano,75093,Open,300,506,POINT (-96.838102 33.0441187)
2020,NY,"Boston IVF, The Albany Center",399 Albany Shaker Rd,Loudonville,12211,Open,740,507,POINT (-73.7675463 42.697359)
2020,KS,Center for Advanced Reproductive Medicine,"10777 Nall Ave, Suite 200",Overland Park,66211,Open,"1,000",508,POINT (-94.6481872 38.933094)
2020,AZ,Arizona Reproductive Institute,"1775 E. Skyline Dr, Suite 175",Tucson,85718,Open,166,509,POINT (-110.9456203 32.3344193)
2020,GA,Emory Reproductive Center,"550 Peachtree St N.E., Suite 1800",Atlanta,30308,Open,868,511,POINT (-84.3819815 33.7847908)
2020,CA,Innovative Fertility Center,3500 N. Sepulveda Blvd,Manhattan Beach,90266,Reorganized,138,512,POINT (-118.395726 33.9000539)
2020,WA,SRM Spokane,"15920 E. Indiana Ave, Suite 200",Spokane Valley,99216,Open,280,513,POINT (-117.1909284 47.6685705)
2020,IN,"Boston IVF Fertility Services at The Women's Hospital, LLC","4199 Gateway Blvd, Suite 2600",Newburgh,47630,Open,626,514,POINT (-87.447491 37.9738741)
2020,CA,Kaiser Permanente Center for Reproductive Health-Sacramento,"1650 Response Rd, Suite 1A",Sacramento,95815,Open,445,515,POINT (-121.4300727 38.5964236)
2020,OR,"University Fertility Consultants, Oregon Health & Science University","OHSU Center for Health & Healing, 3303 S.W. Bond Ave, 10th Floor",Portland,97239,Open,796,517,POINT (-122.6713956 45.4984733)
2020,IL,"Davies Fertility & IVF Specialists, SC","2640 Patriot Blvd, Suite 260",Glenview,60026,Open,403,518,POINT (-87.8242485 42.1029269)
2020,TX,"Texas Tech University Health Sciences Center, Center for Fertility and Reproductive Surgery","808 Joliet Ave, Suite 230",Lubbock,79415,Open,170,519,POINT (-101.8900511 33.5876892)
2020,IL,North Shore Fertility,4250 Dempster St,Skokie,60076,Open,239,520,POINT (-87.7349243 42.0410291)
2020,FL,"Advanced Reproductive Specialists, LLC","2100 Aloma Ave, Suite 100",Winter Park,32792,Closed,61,522,POINT (-81.3244807 28.6000667)
2020,MN,Mayo Clinic Assisted Reproductive Technologies,"200 First St S.W., Eisenberg 2A",Rochester,55905,Open,539,523,POINT (-92.4667508 44.0226729)
2020,WI,"Aurora Health Care-Aurora Fertility Services, The Women's Center at Aurora BayCare Medical Center","2845 Greenbrier Rd, Suite 350",Green Bay,54311,Reorganized,203,525,POINT (-87.9406799 44.4750088)
2020,VT,Northeastern Reproductive Medicine,"105 W. View Rd, Suite 302",Colchester,5446,Open,498,526,POINT (-73.1868211 44.5096086)
2020,OH,The Fertility Wellness Institute of Ohio,7671 Tylers Place Blvd,West Chester,45069,Open,174,528,POINT (-84.376588 39.3588099)
2020,DC,George Washington University Medical Faculty Associates,"Fertility and IVF Center, 2150 Pennsylvania Ave N.W., Suite 6-300",Washington,20037,Open,355,529,POINT (-77.0485151 38.9012079)
2020,NC,Carolinas Fertility Institute,3821 Forrestgate Dr,Winston-Salem,27103,Open,"1,560",601,POINT (-80.3142163 36.0727021)
2020,CA,Reproductive Sciences Medical Center,"3661 Valley Centre Dr, Suite 100",San Diego,92130,Open,265,602,POINT (-117.2342049 32.9363628)
2020,NC,Wake Forest University Center for Reproductive Medicine,"111 Hanestown Ct, Suite 351",Winston-Salem,27103,Open,449,605,POINT (-80.2940617 36.088102)
2020,LA,"Fertility Answers, LLC","500 Rue de La Vie, Suite 510",Baton Rouge,70817,Open,695,606,POINT (-91.0373424 30.3857929)
2020,NY,Chelsea Fertility NYC,"105 E. 37th St, Suite 1",New York,10016,Open,195,607,POINT (-73.979251 40.748924)
2020,TX,The Center for Reproductive Endocrinology,"7777 Forest Ln, Suite C638",Dallas,75230,Reorganized,416,608,POINT (-96.7744115 32.9126714)
2020,MO,MCRM Fertility,"17300 N. Outer 40 Rd, Suite 101",Chesterfield,63005,Open,"1,154",609,POINT (-90.6007656 38.6720126)
2020,WA,"Sound Fertility Care, PLLC","509 Olive Way, Suite 501",Seattle,98101,Open,283,610,POINT (-122.3366522 47.6127103)
2020,MN,CCRM Minneapolis,"6565 France Ave South, Suite 400",Edina,55435,Open,"1,207",611,POINT (-93.3271521 44.8841348)
2020,VT,"University of Vermont Medical Center, Vermont Center for Reproductive Medicine","111 Colchester Ave, Main Campus, Main Pavilion, Level 4",Burlington,5401,Open,116,613,POINT (-73.1941277 44.479695)
2020,MT,"Billings Clinic, Reproductive Medicine and Fertility Care",1045 N. 30th St,Billings,59101,Open,401,614,POINT (-108.5170863 45.7906145)
2020,CA,LA IVF Clinic,"2080 Century Park East, Suite 400",Los Angeles,90067,Open,183,615,POINT (-118.24368 34.05223)
2020,CA,Hanabusa IVF,"4910 Directors Pl, Suite 150",San Diego,92121,Open,481,616,POINT (-117.2035 32.8919)
2020,NY,Noble Fertility Center,137 E. 36th St,New York,10016,Open,126,617,POINT (-73.9784399 40.747797)
2020,OH,SpringCreek Fertility,7095 Clyo Rd,Dayton,45459,Open,623,618,POINT (-84.1389377 39.6422362)
2020,NY,Neway Medical,123 W. 79th St,New York,10024,Open,287,619,POINT (-73.9761388 40.7825399)
2020,CA,Stanford Medicine Fertility & Reproductive Health,1195 W. Fremont Ave,Sunnyvale,94087,Open,"1,226",621,POINT (-122.0616374 37.3526852)
2020,TX,"Advanced Fertility Centers, PLLC","420 E. 6th St, Suite 101",Odessa,79761,Open,31,622,POINT (-102.36554 31.851106)
2020,IL,Advanced Reproductive Center,"435 N. Mulford Rd, Suite 9",Rockford,61107,Open,308,623,POINT (-88.9989219 42.2719875)
2020,NY,Westmed Reproductive Services,3030 Westchester Ave,Purchase,10577,Open,463,625,POINT (-73.6963082 41.0094546)
2020,TX,DFW Center for Fertility & IVF,980 Raintree Cir,Allen,75013,Open,77,626,POINT (-96.6795585 33.1105724)
2020,NY,Sher Fertility Solutions-New York,"425 Fifth Ave, 3rd Floor",New York,10016,Open,785,627,POINT (-73.9825195 40.7509683)
2020,PA,AHN Center for Reproductive Medicine,"9335 McKnight Rd, Suite 240",Pittsburgh,15237,Open,510,628,POINT (-80.024935 40.5737825)
2020,AZ,New Direction Fertility Centers,"1760 E. Pecos Rd, Suite 532",Gilbert,85295,Open,"1,052",629,POINT (-111.7522832 33.2964125)
2020,MI,"IVF Michigan Rochester Hills & Flint, PC","3950 S. Rochester Rd, Suite 2300",Rochester Hills,48307,Open,383,631,POINT (-83.1317128 42.6236444)
2020,MI,Henry Ford Reproductive Medicine,"2825 Livernois Rd, Suite A",Troy,48083,Open,62,632,POINT (-83.1487195 42.5601481)
2020,MI,IVF Michigan Fertility Centers,"37000 Woodward Ave, Suite 350",Bloomfield Hills,48304,Open,"1,691",633,POINT (-83.2226645 42.5596232)
2020,IL,Vios Fertility Institute-Swansea,6 Bronze Pointe,Swansea,62226,Open,"1,099",702,POINT (-89.9867909 38.5662166)
2020,TX,Aspire Fertility-Dallas,"16415 Addison Rd, Suite 900",Addison,75001,Open,461,703,POINT (-96.8308071 32.9723984)
2020,IN,Indiana Fertility Institute,"10610 N. Pennsylvania St, Suite 101",Indianapolis,46280,Open,814,704,POINT (-86.1561692 39.9423235)
2020,CA,San Diego Fertility Center,11425 El Camino Real,San Diego,92130,Open,"1,658",705,POINT (-117.2373436 32.9276383)
2020,CA,Western Fertility Institute,"16260 Ventura Blvd, Suite 210",Encino,91436,Open,585,706,POINT (-118.487675 34.1566701)
2020,MI,University of Michigan Center for Reproductive Medicine,"475 Market Pl, Bldg 1, Suite B",Ann Arbor,48108,Reorganized,693,707,POINT (-83.74191 42.2431)
2020,NY,CCRM New York,"810 Seventh Ave, 21st Floor",New York,10019,Open,"1,582",708,POINT (-73.9823263 40.7628107)
2020,CA,Los Angeles Reproductive Center (LARC),"16055 Ventura Blvd, Suite 1127",Encino,91436,Open,494,710,POINT (-118.4833653 34.1567864)
2020,AZ,Bloom Reproductive Institute,"8415 N. Pima Rd, Suite 290",Scottsdale,85258,Open,592,712,POINT (-111.890765 33.5572757)
2020,NV,Nevada Fertility Center,"5320 S. Rainbow Blvd, Suite 300",Las Vegas,89118,Reorganized,345,713,POINT (-115.2422582 36.091798)
2020,CA,CMD Fertility,"10921 Wilshire Blvd, Suite 702",Los Angeles,90024,Open,293,714,POINT (-118.4448382 34.0590528)
2020,TN,Tennessee Fertility Institute,"9160 Carothers Pkwy, Suite 201",Franklin,37067,Open,352,715,POINT (-86.8001856 35.9602141)
2020,HI,"Kaiser Permanente Hawaii Region, Reproductive Medicine Division",1010 Pensacola St,Honolulu,96814,Open,49,716,POINT (-157.8462201 21.3008969)
2020,KY,"Kentucky Fertility Institute, LLC","4612 Chamberlain Ln, Suite 200",Louisville,40241,Open,374,717,POINT (-85.5671732 38.3104941)
2020,WA,Madigan Army Medical Center,"Department of Obstetrics and Gynecology, 9040A Jackson Ave",Tacoma,98431,Open,129,718,POINT (-122.55207 47.1097586)
2020,CO,Shady Grove Fertility Colorado,"8200 E. Belleview Ave, Suite 615-E",Greenwood Village,80111,Reorganized,397,719,POINT (-104.9010183 39.7604477)
2020,MA,"Fertility Centers of New England, Inc., New England Clinics of Reproductive Medicine, Inc.","20 Pond Meadow Dr, Suite 101",Reading,1867,Open,"1,505",720,POINT (-71.0991795 42.5166287)
2020,RI,Women & Infants Fertility Center,"90 Plain St, 5th Floor",Providence,2903,Reorganized,804,721,POINT (-71.4122888 41.8140716)
2020,NM,"Caperton Fertility Institute, LLC","6500 Jefferson St N.E., Suite 250",Albuquerque,87109,Open,333,722,POINT (-106.593345 35.1544681)
2020,CA,Spring Fertility,"1 Daniel Burnham Ct, Suite 110C",San Francisco,94109,Open,"3,116",723,POINT (-122.4224403 37.7867053)
2020,AZ,Gondra Center for Reproductive Care & Advanced Gynecology,"20940 N. Tatum Blvd, Suite B210",Phoenix,85050,Open,121,725,POINT (-111.9793567 33.675675)
2020,MA,CCRM Boston,"300 Boylston St, Suite 300",Newton,2459,Open,"1,028",801,POINT (-71.1800046 42.3186196)
2020,NY,"Generation Next Fertility, PLLC","115 E. 57th St, 11th Floor",New York,10022,Open,912,802,POINT (-73.9699188 40.7614682)
2020,KS,Blue Sky Fertility,14253 Metcalf Ave,Overland Park,66223,Open,377,803,POINT (-94.6660818 38.8695272)
2020,CA,"CCRM San Francisco, Bay Area Center for Reproductive Medicine, LLC (BACRM)","1060 Marsh Rd, 1st Floor",Menlo Park,94025,Open,742,804,POINT (-122.1825457 37.4809156)
2020,NY,Extend Fertility,"200 W. 57th St, Suite 1101",New York,10019,Open,927,805,POINT (-73.9806094 40.7654125)
2020,VA,CCRM Northern Virginia,"8010 Towers Crescent Dr, 5th Floor",Vienna,22182,Open,732,806,POINT (-77.220709 38.9143045)
2020,IL,Vios Fertility Institute-Chicago,"333 S. Desplaines St, Suite 201",Chicago,60661,Open,"1,652",807,POINT (-87.6436037 41.877024)
2020,MS,Positive Steps Fertility,149 Fountains Blvd,Madison,39110,Open,252,809,POINT (-90.1450742 32.4707449)
2020,CA,"Unity Fertility Center, LLC","625 S. Fair Oaks Ave, Suite 330",Pasadena,91105,Open,39,810,POINT (-118.150714 34.134987)
2020,TX,Conceive Fertility Center,"6750 N. MacArthur Blvd, Suite 100",Irving,75039,Open,358,811,POINT (-96.95719 32.9011699)
2020,OR,Oregon Fertility Institute,"9370 S.W. Greenburg Rd, Suite 412",Portland,97223,Open,75,812,POINT (-122.7731654 45.4521221)
2020,NY,Kindbody-New York,"16 E. 40th St, 2nd Floor",New York,10011,Open,353,814,POINT (-73.9931189 40.7370445)
2020,FL,"Reproductive Medicine Associates of Florida, LLC","400 Colonial Center Pkwy, Suite 150",Lake Mary,32746,Open,226,815,POINT (-81.3531522 28.7911394)
2020,VA,Carilion Clinic Reproductive Medicine and Fertility,1231 S. Jefferson St,Roanoke,24016,Open,176,816,POINT (-79.9418516 37.2614056)
2020,NY,Boston IVF-The Syracuse Center,5792 Widewaters Pkwy,Syracuse,13214,Open,210,817,POINT (-76.0590781 43.0494227)
2020,NY,"Global Fertility & Genetics, NY","115 E. 57th St, Suite 420-430",New York,10022,Open,133,819,POINT (-73.9698802 40.7615203)
2020,CA,Reproductive Medicine Associates of Northern California,"150 Spear St, Suite 500",San Francisco,94105,Open,"1,904",820,POINT (-122.3935863 37.7917666)
2020,TN,Vanderbilt Fertility Clinic,"2009 Mallory Ln, Suite 250",Franklin,37067,Open,85,821,POINT (-86.8204695 35.9507386)
2020,NY,"NYC In Vitro Fertilization, PC","693 Fifth Ave, 7th Floor",New York,10022,Open,157,822,POINT (-73.9748035 40.7611595)
2020,FL,Shady Grove Fertility Tampa Bay,"5016 W. Cypress St, Suite 302",Tampa,33607,Open,854,823,POINT (-82.5295221 27.9518316)
2020,NY,"Legacy IVF, LLC",1625 Third Ave,New York,10128,Open,400,824,POINT (-73.9511915 40.7822979)
2020,CA,Reproductive Medicine Associates of Southern California,"11500 West Olympic Blvd, Suite 150",Los Angeles,90064,Open,180,825,POINT (-118.4442902 34.0357592)
2020,WA,ORM Fertility Bellevue,"1370 116th Ave N.E., Suite 100",Bellevue,98004,Open,186,826,POINT (-122.1836745 47.6218757)
2020,TX,IVFMD-Arlington,600 W. Mayfield Rd,Arlington,76014,Open,184,827,POINT (-97.1133526 32.6905651)
2020,NY,Northwell Health Fertility-NYC,"210 E. 64th St, 1st Floor",New York,10065,Reorganized,266,828,POINT (-73.9633151 40.7640723)
2020,CA,Kindbody-San Francisco,88 Sutter St,San Francisco,94104,Open,159,829,POINT (-122.4019492 37.7901907)
2020,AL,Fertility Institute of North Alabama,808 Turner St S.W.,Huntsville,35801,Open,179,830,POINT (-86.5845857 34.7208713)
2020,NV,Nevada Fertility Institute,"8530 W. Sunset Rd, Suite 310",Las Vegas,89113,Open,339,831,POINT (-115.2776952 36.0713656)
2020,CA,Gen 5 Fertility Center,"3420 Carmel Mountain Rd, Suite 200",San Diego,92121,Open,343,832,POINT (-117.2381832 32.9195428)
2020,UT,Conceptions Fertility Center,"1900 N. State St, Suite 105",Provo,84604,Open,158,833,POINT (-111.6755109 40.2602691)
2020,CA,Kindbody-Los Angeles,"1260 15th St, Suite 1402",Santa Monica,90404,Open,221,834,POINT (-118.4869928 34.0263286)
2020,NY,"Island Fertility, Stony Brook Community Medical, PC","500 Commack Rd, Suite 202",Commack,11725,Open,740,835,POINT (-73.2917477 40.8227279)
2020,NY,Fertility New York,"240 Central Park South, Suite 1P",New York,10019,Open,17,836,POINT (-73.9810516 40.7670726)
2020,GA,"Pathways Fertility, Pathways Fertility","3193 Howell Mill Rd N.W., Suite 214",Atlanta,30327,Reorganized,198,837,POINT (-84.38798 33.749)
2020,NY,"New York Fertility Medical Practice, PLLC, dba, Shady Grove Fertility New York","110 E. 60th St, Suite 500",New York,10022,Open,527,838,POINT (-73.972552 40.764897)
2020,CA,American Fertility Medical Center Corporation,"1370 Valley Vista Dr, Suite 135",Diamond Bar,91765,Open,37,839,POINT (-117.81034 34.02862)
2020,TX,"Inovi Fertility & Genetics Institute, Inovi Fertility & Genetics Institute","3773 Richmond Ave, Suite 400",Houston,77046,Open,28,841,POINT (-95.4306 29.733)
2020,AK,"Katie Ostrom MD, LLC",205 W. Fairview Ave,Homer,99603,Open,16,842,POINT (-151.2356 59.5374)
2020,TX,"Fora Fertility, PLLC",715 W. 34th Street,Austin,78705,Open,200,843,POINT (-97.7396 30.2896)
2020,IL,Carle Foundation Hospital Department of Reproductive Medicine,1818 E. Windsor Rd,Urbana,61801,Reorganized,31,844,POINT (-88.2036 40.1095)
2020,VA,Procreate Fertility Center of Virginia,700 Oak Grove Rd,Chesapeake,23320,Open,101,845,POINT (-76.2384 36.7352)
2020,KS,The Center for Reproductive Medicine,"9300 E. 29th St North, Suite 102",Wichita,67226,Open,63,846,POINT (-97.33754 37.69224)
2020,IL,"Rinehart Fertility Center, SC",121 N. Elm St,Hinsdale,60521,Open,178,848,POINT (-87.9287 41.8001)